<?xml version="1.0" encoding="UTF-8"?>
<document>
   <name>Ria</name>
   <name>Rosemarie</name>
   <name>Althea</name>
   <name>Valencia</name>
   <name>Octavio</name>
   <name>Ma</name>
   <name>Rikki</name>
   <name>Dick</name>
   <name>Earnestine</name>
   <name>Isadora</name>
   <name>Julianne</name>
   <name>Deja</name>
   <name>Rickie</name>
   <name>Cristopher</name>
   <name>Latoria</name>
   <name>Corinne</name>
   <name>Latesha</name>
   <name>Gregoria</name>
   <name>Marcell</name>
   <name>Donya</name>
   <name>Phuong</name>
   <name>Lettie</name>
   <name>Mirtha</name>
   <name>Paulene</name>
   <name>Fidel</name>
   <name>Jenniffer</name>
   <name>Kathe</name>
   <name>Liza</name>
   <name>Aileen</name>
   <name>Dennise</name>
   <name>Monty</name>
   <name>Meaghan</name>
   <name>Precious</name>
   <name>Kevin</name>
   <name>Berenice</name>
   <name>Dale</name>
   <name>Teresia</name>
   <name>Jane</name>
   <name>Tomas</name>
   <name>Clarine</name>
   <name>Demetrius</name>
   <name>Cierra</name>
   <name>Monserrate</name>
   <name>Lesli</name>
   <name>Mirta</name>
   <name>Anastacia</name>
   <name>Winnie</name>
   <name>Horace</name>
   <name>Devin</name>
   <name>Tonita</name>
   <name>K.Dot</name>
   <name>OG Bobby Johnson</name>
   <name>Bobby Shmurda</name>
   <name>Drizzy</name>
   <name>Manual</name>
   <name>Dolly</name>
   <name>Franklyn</name>
   <name>Cris</name>
   <name>Tambra</name>
   <name>Carma</name>
   <name>Dawn</name>
   <name>Bernarda</name>
   <name>Bonny</name>
   <name>Raymonde</name>
   <name>Sabine</name>
   <name>Lakeisha</name>
   <name>Johnie</name>
   <name>Joana</name>
   <name>Danuta</name>
   <name>Xiomara</name>
   <name>Marvin</name>
   <name>Janet</name>
   <name>Paige</name>
   <name>Garret</name>
   <name>Fay</name>
   <name>Kam</name>
   <name>Dortha</name>
   <name>Sunni</name>
   <name>Nelle</name>
   <name>Cristi</name>
   <name>Kent</name>
   <name>Ja</name>
   <name>Shana</name>
   <name>Avril</name>
   <name>Trista</name>
   <name>Henrietta</name>
   <name>Ellis</name>
   <name>Ezra</name>
   <name>Karly</name>
   <name>Shantel</name>
   <name>Cheryll</name>
   <name>Jacquelin</name>
   <name>Ruthie</name>
   <name>Terrie</name>
   <name>Gabriel</name>
   <name>Kyoko</name>
   <name>Farah</name>
   <name>Shirleen</name>
   <name>Kimberley</name>
   <name>Shelley</name>
   <name>Hank</name>
   <name>Mercedez</name>
   <name>Lizzie</name>
   <name>AndreeDaysi</name>
   <name>Gema</name>
   <name>Rayford</name>
   <name>Johnie</name>
   <name>Melynda</name>
   <name>Idalia</name>
   <name>Jc</name>
   <name>Donnette</name>
   <name>Yuki</name>
   <name>Rocco</name>
   <name>Gerald</name>
   <name>Leif</name>
   <name>Donita</name>
   <name>Leora</name>
   <name>Dalene</name>
   <name>Tierra</name>
   <name>Cornell</name>
   <name>Ignacia</name>
   <name>Bernadette</name>
   <name>Robbin</name>
   <name>Maryann</name>
   <name>Myriam</name>
   <name>Cecilia</name>
   <name>Zetta</name>
   <name>Marcela</name>
   <name>Marie</name>
   <name>Keith</name>
   <name>Ross</name>
   <name>Lucila</name>
   <name>Lesley</name>
   <name>Janella</name>
   <name>Khadijah</name>
   <name>Trina</name>
   <name>Almeta</name>
   <name>Jona</name>
   <name>Miles</name>
   <name>Evan</name>
   <name>Gaye</name>
   <name>Xuan</name>
   <name>Clayton</name>
   <name>Eboni</name>
   <name>Analisa</name>
   <name>Maricela</name>
   <name>Carlee</name>
   <name>Merna</name>
   <name>Regine</name>
   <name>Shakia</name>
   <name>Jerrica</name>
   <name>Ellyn</name>
   <name>Guy</name>
   <name>Yeezy</name>
   <name>A$AP</name>
   <name>Dan</name>
</document>